Country,Total confirmed cases,Total deaths,Confirmed recoveries,Cases confirmed today,Deaths today,Recoveries confirmed today
united-states,"244,190","5,883","10,400","29,551",784,"1,522"
italy,"115,242","13,915","18,278","4,668",760,"1,431"
spain,"112,065","10,348","26,743","7,947",961,"4,096"
germany,"84,794","1,107","22,440","6,813",176,"3,740"
china,"82,413","3,322","76,546",53,6,142
france,"59,105","5,387","12,428","2,116","1,355","1,493"
iran,"50,468","3,160","16,711","2,875",124,"1,238"
united-kingdom,"34,151","2,926",192,"4,286",569,13
switzerland,"18,827",536,"4,013","1,059",48,"1,046"
turkey,"18,135",356,415,"2,456",79,82
belgium,"15,348","1,011","2,495","1,384",183,363
netherlands,"14,757","1,339",251,"1,061",164,0
canada,"11,283",173,"1,979","1,552",59,243
austria,"11,129",158,"1,749",418,12,313
south-korea,"9,976",169,"5,828",89,4,261
portugal,"9,034",209,68,783,22,25
brazil,"8,044",324,127,"1,164",82,0
israel,"6,857",36,338,765,10,97
sweden,"5,568",308,103,621,69,0
australia,"5,314",28,585,266,5,163
norway,"5,147",50,32,270,6,19
czechia,"3,858",44,67,269,5,6
ireland,"3,849",98,5,402,13,0
denmark,"3,563",123,"1,170",273,19,199
russia,"3,548",30,235,771,6,45
chile,"3,404",18,335,373,2,101
ecuador,"3,163",120,65,405,22,7
malaysia,"3,116",50,767,208,5,122
poland,"2,946",57,56,392,14,0
romania,"2,738",115,267,278,23,15
philippines,"2,633",107,51,322,11,1
india,"2,543",72,191,545,14,43
japan,"2,495",62,472,111,5,0
luxembourg,"2,487",30,80,168,1,0
pakistan,"2,421",34,125,303,7,31
saudi-arabia,"1,885",21,328,165,5,64
thailand,"1,875",15,505,104,3,0
indonesia,"1,790",170,112,113,13,9
greece,"1,544",53,61,129,2,9
finland,"1,518",19,300,72,2,290
panama,"1,475",37,9,158,5,0
south-africa,"1,462",5,50,82,0,0
peru,"1,414",55,537,91,17,143
dominican-republic,"1,380",60,16,96,3,7
mexico,"1,378",37,35,163,8,0
iceland,"1,319",4,284,99,2,48
serbia,"1,171",31,42,111,3,0
colombia,"1,161",19,55,96,2,16
argentina,"1,133",36,256,0,4,8
singapore,"1,049",4,266,49,1,21
united-arab-emirates,"1,024",8,96,210,0,35
croatia,"1,011",7,88,48,1,15
algeria,986,86,61,139,28,0
qatar,949,3,72,114,1,1
slovenia,897,17,70,56,2,60
ukraine,897,22,19,103,2,6
egypt,865,58,201,86,6,22
estonia,858,11,45,79,6,12
hong-kong,802,4,154,37,0,7
new-zealand,797,1,92,89,0,9
iraq,772,54,202,44,2,20
cruise-ship,712,11,619,0,0,16
morocco,708,44,31,54,5,2
armenia,663,7,33,92,3,2
lithuania,649,9,7,68,1,0
bahrain,643,4,381,74,0,44
hungary,585,21,42,60,1,2
bosnia-and-herzegovina,533,16,20,74,3,1
moldova,505,6,23,82,1,0
lebanon,494,16,46,15,2,3
latvia,458,0,31,12,0,30
bulgaria,457,10,25,35,0,5
tunisia,455,14,5,32,2,0
kazakhstan,435,3,27,55,0,1
andorra,428,15,10,38,1,0
slovakia,426,1,5,26,0,2
azerbaijan,400,5,26,41,0,0
costa-rica,396,2,6,21,0,2
north-macedonia,384,11,17,30,0,0
cyprus,356,10,28,36,1,0
uruguay,350,4,62,0,2,0
kuwait,342,0,81,25,0,1
taiwan,339,5,50,10,0,5
réunion,308,0,40,27,0,0
cameroon,306,7,10,73,1,0
belarus,304,4,53,141,2,0
jordan,299,5,45,21,0,9
burkina-faso,288,16,50,6,0,4
albania,277,16,76,18,1,9
afghanistan,273,6,10,36,2,5
san-marino,245,30,21,9,2,8
cuba,233,6,13,21,0,1
vietnam,233,0,75,15,0,12
oman,231,1,57,21,0,23
honduras,219,14,3,47,4,0
uzbekistan,205,2,25,24,0,13
ghana,204,5,31,9,0,0
malta,196,0,2,8,0,0
senegal,195,1,55,5,0,10
ivory-coast,194,1,15,4,0,6
channel-islands,193,3,0,21,0,0
nigeria,184,2,20,10,0,11
faroe-islands,177,0,81,4,0,6
mauritius,169,7,0,8,1,0
palestine,161,1,18,27,0,0
sri-lanka,151,4,21,5,1,0
venezuela,146,5,43,2,2,0
montenegro,144,2,0,21,0,0
martinique,138,3,27,3,0,0
georgia,134,0,26,17,0,3
congo-kinshasa,134,13,3,25,4,0
brunei,133,1,56,2,0,4
guadeloupe,128,6,24,3,0,0
kosovo,125,1,10,0,0,0
bolivia,123,8,1,8,1,0
mayotte,116,1,10,15,0,0
kyrgyzstan,116,0,5,5,0,2
cambodia,110,0,34,1,0,9
kenya,110,3,4,29,2,1
niger,98,5,0,24,0,0
isle-of-man,95,1,0,27,0,0
trinidad-and-tobago,94,5,1,4,0,0
gibraltar,88,0,46,7,0,12
rwanda,84,0,0,2,0,0
paraguay,77,3,2,8,0,1
liechtenstein,75,0,0,3,0,0
aruba,60,0,1,5,0,0
monaco,60,1,2,5,0,0
madagascar,59,0,0,2,0,0
bangladesh,56,6,25,2,0,0
guinea,52,0,0,22,0,0
french-guiana,51,0,15,0,0,0
jamaica,47,3,2,3,0,0
guatemala,47,1,12,8,0,0
barbados,46,0,0,1,0,0
uganda,45,0,0,1,0,0
el-salvador,41,2,0,8,0,0
macau,41,0,10,0,0,0
djibouti,40,0,0,7,0,0
zambia,39,1,0,3,1,0
togo,39,2,17,3,0,7
mali,36,3,0,5,0,0
bermuda,35,0,11,3,0,1
ethiopia,29,0,3,0,0,1
cayman-islands,28,1,0,6,0,0
bahamas,24,1,1,3,0,0
saint-martin,22,1,2,7,0,0
eritrea,22,0,0,7,0,0
congo-brazzaville,22,2,2,0,0,2
gabon,21,1,0,3,0,0
burma,20,1,0,4,0,0
myanmar,20,1,0,4,0,0
tanzania,20,1,2,0,0,1
guyana,19,4,0,0,1,0
maldives,19,0,13,0,0,0
new-caledonia,18,0,1,2,0,0
sint-maarten,18,1,6,2,0,0
haiti,16,0,1,0,0,0
syria,16,2,0,6,0,0
equatorial-guinea,15,0,1,0,0,0
mongolia,14,0,2,0,0,0
namibia,14,0,3,0,0,1
benin,13,0,1,0,0,0
saint-lucia,13,0,1,0,0,0
dominica,12,0,0,0,0,0
libya,11,1,0,1,1,0
curaçao,11,1,3,0,0,0
greenland,10,0,2,0,0,0
suriname,10,0,0,0,0,0
grenada,10,0,0,1,0,0
mozambique,10,0,0,0,0,0
laos,10,0,0,0,0,0
seychelles,10,0,0,0,0,0
guinea-bissau,9,0,0,0,0,0
zimbabwe,9,1,0,1,0,0
antigua-and-barbuda,9,0,0,2,0,0
eswatini,9,0,0,0,0,0
ms-zaandam,9,2,0,0,0,0
chad,8,0,0,1,0,0
angola,8,2,1,0,0,0
sudan,8,2,2,1,0,0
fiji,7,0,0,2,0,0
vatican-city,7,0,0,1,0,0
nepal,6,0,1,1,0,0
cabo-verde,6,1,0,0,0,0
liberia,6,0,0,0,0,0
mauritania,6,1,2,0,0,0
st-barth,6,0,1,0,0,0
somalia,5,0,1,0,0,0
turks-and-caicos,5,0,0,0,0,0
bhutan,5,0,1,1,0,1
nicaragua,5,1,0,0,0,0
montserrat,5,0,0,0,0,0
botswana,4,1,0,0,0,0
gambia,4,1,2,0,0,0
car,3,0,0,0,0,0
malawi,3,0,0,3,0,0
belize,3,0,0,0,0,0
anguilla,3,0,0,1,0,0
british-virgin-islands,3,0,0,0,0,0
burundi,3,0,0,1,0,0
caribbean-netherlands,2,0,0,0,0,0
st-vincent-grenadines,2,0,1,0,0,0
sierra-leone,2,0,0,0,0,0
papua-new-guinea,1,0,0,0,0,0
timor-leste,1,0,0,0,0,0
