Country,Total confirmed cases,Total deaths,Confirmed recoveries,Cases confirmed today,Deaths today,Recoveries confirmed today
united-states,"312,237","8,502","14,828","2,104",60,87
spain,"126,168","11,947","34,219",0,0,0
italy,"124,632","15,362","20,996",0,0,0
germany,"96,092","1,444","26,400",0,0,0
france,"89,953","7,560","15,438",0,0,0
china,"82,555","3,333","77,168",31,3,241
iran,"55,743","3,452","19,736",0,0,0
united-kingdom,"42,461","4,320",215,2,0,0
turkey,"23,934",501,786,0,0,0
switzerland,"20,505",666,"6,415",0,0,0
belgium,"19,691","1,447","3,751","1,260",164,504
netherlands,"16,716","1,655",257,2,0,0
canada,"14,018",233,"2,603",106,2,8
austria,"11,831",204,"2,998",50,18,491
portugal,"10,524",266,75,0,0,0
brazil,"10,360",445,127,0,0,0
south-korea,"10,237",183,"6,463",81,6,138
israel,"8,018",46,477,167,2,50
sweden,"6,443",373,205,0,0,0
australia,"5,687",35,757,137,5,56
norway,"5,645",62,32,95,0,0
russia,"4,731",43,333,0,0,0
ireland,"4,604",137,25,0,0,0
czechia,"4,475",62,78,3,3,0
denmark,"4,258",161,"1,382",0,0,6
chile,"4,161",27,528,0,0,0
poland,"3,834",84,134,207,5,18
malaysia,"3,662",61,"1,005",179,4,90
romania,"3,613",146,329,0,0,0
india,"3,588",99,229,506,13,0
ecuador,"3,465",172,100,0,0,0
philippines,"3,246",152,64,152,8,7
japan,"3,139",77,514,0,0,0
pakistan,"2,880",45,170,62,4,39
luxembourg,"2,729",31,500,0,0,0
saudi-arabia,"2,370",29,420,191,0,0
indonesia,"2,273",198,164,181,7,14
thailand,"2,169",23,674,102,3,0
finland,"1,927",25,300,45,0,0
mexico,"1,890",79,633,202,19,0
panama,"1,801",46,13,0,0,0
peru,"1,746",73,914,0,0,0
greece,"1,673",68,78,0,0,0
serbia,"1,624",44,54,0,0,0
south-africa,"1,585",9,95,0,0,0
dominican-republic,"1,578",77,17,0,0,0
united-arab-emirates,"1,505",10,125,0,0,0
argentina,"1,451",43,279,0,0,0
iceland,"1,417",4,396,0,0,0
colombia,"1,406",32,85,0,0,0
qatar,"1,325",3,109,0,0,0
algeria,"1,251",130,90,0,0,0
ukraine,"1,251",32,25,26,0,0
singapore,"1,189",6,297,0,0,0
croatia,"1,126",12,119,0,0,0
estonia,"1,097",15,62,58,2,3
egypt,"1,070",71,241,0,0,0
new-zealand,"1,039",1,156,89,0,29
slovenia,997,28,79,20,6,0
morocco,960,66,69,41,7,3
hong-kong,890,4,206,28,0,33
iraq,878,56,259,0,0,0
armenia,822,7,57,52,0,14
lithuania,811,11,7,40,0,0
moldova,752,14,30,0,2,1
hungary,733,34,66,55,2,8
cruise-ship,712,11,619,0,0,0
bahrain,688,4,423,0,0,0
bosnia-and-herzegovina,632,21,30,8,0,0
kazakhstan,569,6,36,38,1,0
kuwait,556,1,99,77,0,6
cameroon,555,9,17,0,0,0
tunisia,553,18,5,0,0,0
latvia,533,1,1,24,0,0
lebanon,527,18,54,7,1,0
bulgaria,522,18,37,19,1,3
azerbaijan,521,5,32,0,0,0
slovakia,485,1,10,14,0,0
north-macedonia,483,17,20,0,0,0
andorra,466,17,21,0,0,0
belarus,440,5,53,0,0,0
costa-rica,435,2,13,0,0,0
cyprus,426,9,33,0,0,0
uruguay,400,5,93,0,0,0
taiwan,363,5,54,8,0,4
afghanistan,337,7,15,38,0,5
réunion,334,0,40,0,0,0
albania,333,20,99,0,0,0
jordan,323,5,74,0,0,0
burkina-faso,318,16,66,0,0,0
oman,298,2,61,21,0,0
uzbekistan,298,2,25,32,0,0
cuba,288,6,15,0,0,0
honduras,268,22,6,4,7,3
channel-islands,262,5,13,0,0,0
san-marino,259,32,27,0,0,0
ivory-coast,245,1,25,0,0,0
vietnam,240,0,90,0,0,0
mauritius,227,7,7,31,0,0
palestine,226,1,23,9,0,2
senegal,219,2,72,0,0,0
ghana,214,5,31,9,0,0
nigeria,214,4,25,0,0,0
malta,213,0,2,0,0,0
montenegro,203,2,1,2,0,0
faroe-islands,181,0,99,0,0,6
georgia,170,2,36,8,1,0
sri-lanka,166,5,29,0,0,2
bolivia,157,10,2,18,0,1
venezuela,155,7,52,0,0,0
congo-kinshasa,154,18,3,0,0,0
kyrgyzstan,147,1,9,3,0,0
martinique,145,3,27,0,0,0
niger,144,8,0,0,0,0
kosovo,140,1,23,5,0,7
brunei,135,1,73,0,0,7
guadeloupe,134,7,24,0,0,0
mayotte,134,2,14,0,0,0
isle-of-man,126,1,0,0,0,0
kenya,126,4,4,0,0,0
cambodia,114,0,50,0,0,0
guinea,111,0,5,0,0,0
paraguay,104,3,12,8,0,0
trinidad-and-tobago,103,6,1,0,0,0
rwanda,102,0,0,0,0,0
gibraltar,98,0,52,0,0,0
bangladesh,88,9,30,18,1,0
liechtenstein,77,1,0,0,0,0
madagascar,70,0,0,0,0,0
monaco,66,1,3,0,0,0
aruba,64,0,1,0,0,0
el-salvador,62,3,2,6,0,0
french-guiana,61,0,22,0,0,0
guatemala,61,2,15,0,0,0
jamaica,55,3,7,2,0,0
barbados,52,0,0,0,0,0
djibouti,50,0,8,0,0,0
uganda,48,0,0,0,0,0
macau,44,0,10,0,0,0
mali,41,3,1,0,0,0
togo,41,3,17,0,0,0
zambia,39,1,2,0,0,0
ethiopia,38,0,4,0,0,0
bermuda,37,0,14,2,0,0
cayman-islands,35,1,1,0,0,0
eritrea,29,0,0,0,0,0
saint-martin,29,2,7,5,0,2
bahamas,28,4,0,0,0,0
sint-maarten,25,4,6,2,0,0
guyana,24,4,0,1,0,0
congo-brazzaville,22,2,2,0,0,0
haiti,21,0,1,1,0,0
myanmar,21,1,0,0,0,0
gabon,21,1,1,0,0,0
tanzania,20,1,3,0,0,0
maldives,19,0,13,0,0,0
syria,19,2,2,3,0,0
guinea-bissau,18,0,0,0,0,0
libya,18,1,0,0,0,0
new-caledonia,17,0,1,0,0,0
namibia,16,0,3,2,0,0
benin,16,0,2,0,0,0
equatorial-guinea,16,0,1,0,0,0
antigua-and-barbuda,15,0,0,0,0,0
dominica,14,0,0,0,0,0
saint-lucia,14,0,1,0,0,0
mongolia,14,0,2,0,0,0
grenada,12,0,0,0,0,0
fiji,12,0,0,0,0,0
greenland,11,0,3,0,0,0
curaçao,11,1,5,0,0,0
laos,11,0,0,1,0,0
liberia,10,1,3,0,0,0
mozambique,10,0,1,0,0,0
angola,10,2,2,0,0,0
suriname,10,1,0,0,0,0
seychelles,10,0,0,0,0,0
sudan,10,2,2,0,0,0
ms-zaandam,9,2,0,0,0,0
chad,9,0,0,0,0,0
zimbabwe,9,1,0,0,0,0
nepal,9,0,1,0,0,0
eswatini,9,0,0,0,0,0
car,8,0,0,0,0,0
vatican-city,7,0,0,0,0,0
st-vincent-grenadines,7,0,1,0,0,0
cabo-verde,7,1,0,0,0,0
somalia,7,0,1,0,0,0
mauritania,6,1,2,0,0,0
montserrat,6,0,0,0,0,0
st-barth,6,0,1,0,0,0
turks-and-caicos,5,0,0,0,0,0
nicaragua,5,1,0,0,0,0
bhutan,5,0,2,0,0,0
belize,4,0,0,0,0,0
western-sahara,4,0,0,0,0,0
botswana,4,1,0,0,0,0
malawi,4,0,0,0,0,0
gambia,4,1,2,0,0,0
sierra-leone,4,0,0,0,0,0
british-virgin-islands,3,0,0,0,0,0
burundi,3,0,0,0,0,0
anguilla,3,0,0,0,0,0
caribbean-netherlands,2,0,0,0,0,0
falkland-islands,1,0,0,0,0,0
papua-new-guinea,1,0,0,0,0,0
timor-leste,1,0,0,0,0,0
